HS부호,적용시작일자,적용종료일자,한글품목명,영문품목명,성질통합분류코드명,HS_4자리,HS_6자리,description_4자리,category_4자리,description_6자리,category_6자리,사용자_상품명,사용자_상품설명
8411821000,20130101,20251231,항공기용,For aircraft,(항공기 엔진),8411,841182,"Turbo-jets, turbo-propellers and other gas turbines","propellers, jets, machinery, nuclear, reactors, turbo, mechanical, boilers, appliances, turbi, gas","Turbines; gas-turbines (excluding turbo-jets and turbo-propellers), of a power exceeding 5000kW",turbi,항공기용,"(항공기 엔진) 대분류: Turbo-jets, turbo-propellers and other gas turbines, 중분류: Turbines; gas-turbines (excluding turbo-jets and turbo-propellers), of a power exceeding 5000kW"
0303899020,20120101,20251231,홍살치,Thorny head,(기타 어류(냉동)),0303,030389,"Fish; frozen, excluding fish fillets and other fish meat of heading 0304",fish,"Fish; frozen, n.e.c. in heading 0303, excluding fillets, fish meat of 0304, and edible fish offal of subheadings 0303.91 to 0303.99",fish,홍살치,"(기타 어류(냉동)) 대분류: Fish; frozen, excluding fish fillets and other fish meat of heading 0304, 중분류: Fish; frozen, n.e.c. in heading 0303, excluding fillets, fish meat of 0304, and edible fish offal of subheadings 0303.91 to 0303.99"
8806210000,20220114,20251231,최대이륙중량이 250그램 이하인 것,With maximum take-off weight not more than 250 g,(무인기),8806,880621,Unmanned aircraft,"unmanned, aircraft","Unmanned aircraft; for remote-controlled flight only, for other than for carriage of passengers, with the maximum take-off weight of not more than 250g","unmanned, aircraft",최대이륙중량이 250그램 이하인 것,"(무인기) 대분류: Unmanned aircraft, 중분류: Unmanned aircraft; for remote-controlled flight only, for other than for carriage of passengers, with the maximum take-off weight of not more than 250g"
5206320000,20220101,20251231,구성하는 단사가 714.29데시텍스 미만 232.56데시텍스 이상인 것(단사당 미터식 번수 14수 초과 43수 이하),Measuring per single yarn less than 714.29 decitex but not less than 232.56 decitex (exceeding 14 metric number but not exceeding 43 metric number per single yarn),(면사),5206,520632,"Cotton yarn (other than sewing thread), containing less than 85% by weight of cotton, not put up for retail sale","yarn, cotton","Cotton yarn; (not sewing thread), multiple or cabled, of uncombed fibres, less than 85% by weight of cotton, 714.28 to 232.56 decitex (15 to 43 metric number) per single yarn, not for retail sale","yarn, cotton",구성하는 단사가 714.29데시텍스 미만 232.56데시텍스 이상인 것(단사당 미터식 번수 14수 초과 43수 이하),"(면사) 대분류: Cotton yarn (other than sewing thread), containing less than 85% by weight of cotton, not put up for retail sale, 중분류: Cotton yarn; (not sewing thread), multiple or cabled, of uncombed fibres, less than 85% by weight of cotton, 714.28 to 232.56 decitex (15 to 43 metric number) per single yarn, not for retail sale"
8463200000,20130101,20251231,나사 전조기,Thread rolling machines,(금속성형가공기계),8463,846320,"Machine-tools; n.e.c. for working metal, sintered metal carbides or cermets without removing material","machine, tools","Machine-tools; for working metal, sintered metal carbides or cermets, without removing material, thread rolling machines","machine, tools",나사 전조기,"(금속성형가공기계) 대분류: Machine-tools; n.e.c. for working metal, sintered metal carbides or cermets without removing material, 중분류: Machine-tools; for working metal, sintered metal carbides or cermets, without removing material, thread rolling machines"
5303901090,20130101,20251231,그 밖의 방직용 인피(靭皮)섬유,Other textile bast fibres,(마),5303,530390,"Jute and other textile bast fibres (not flax, true hemp and ramie), raw or processed but not spun; tow and waste of these fibres, including yarn waste and garnetted stock","flax, fibres, textile, vegetable, jute, bast, true, hemp","Jute and other textile bast fibres; processed but not spun, tow and waste of these fibres, including yarn waste and garnetted stock (excluding flax, hemp (cannabis sativa L.), and ramie)","flax, fibres, textile, jute, bast, true, hemp",그 밖의 방직용 인피(靭皮)섬유,"(마) 대분류: Jute and other textile bast fibres (not flax, true hemp and ramie), raw or processed but not spun; tow and waste of these fibres, including yarn waste and garnetted stock, 중분류: Jute and other textile bast fibres; processed but not spun, tow and waste of these fibres, including yarn waste and garnetted stock (excluding flax, hemp (cannabis sativa L.), and ramie)"
0711904000,20020101,20251231,당근,Carrots,(당근),0711,071190,"Vegetables provisionally preserved, but unsuitable in that state for immediate consumption","unsuitable, consumption, immediate, vegetables, state","Vegetables and mixed vegetables; n.e.c. in heading no. 0711, provisionally preserved but unsuitable in that state for immediate consumption","vegetables, mixed",당근,"(당근) 대분류: Vegetables provisionally preserved, but unsuitable in that state for immediate consumption, 중분류: Vegetables and mixed vegetables; n.e.c. in heading no. 0711, provisionally preserved but unsuitable in that state for immediate consumption"
9113200000,20130101,20251231,비금속(卑金屬)으로 만든 것(금이나 은을 도금하였는지에 상관없다),"Of base metal, whether or not gold- or silver- plated",(시계줄),9113,911320,"Watch straps, watch bands, watch bracelets and parts thereof","bracelets, watch, bands, straps","Watch straps, watch bands, watch bracelets, and parts thereof; of base metal, whether or not gold- or silver-plated","bracelets, watch, bands, straps",비금속(卑金屬)으로 만든 것(금이나 은을 도금하였는지에 상관없다),"(시계줄) 대분류: Watch straps, watch bands, watch bracelets and parts thereof, 중분류: Watch straps, watch bands, watch bracelets, and parts thereof; of base metal, whether or not gold- or silver-plated"
4302209020,20130101,20251231,라쿤(raccoon)의 것,Of raccoon,(기타모피(유연처리 또는 드레스가공)),4302,430220,"Tanned or dressed furskins (including heads, tails, paws, other pieces, cuttings), unassembled, or assembled (without addition of other materials), excluding those of heading no. 4303","fur, furskins, cuttings, heads, artificial, materials, tails, addition","Furskins; tanned or dressed, heads, tails, paws and other pieces or cuttings, not assembled, excluding goods of heading no. 4303",furskins,라쿤(raccoon)의 것,"(기타모피(유연처리 또는 드레스가공)) 대분류: Tanned or dressed furskins (including heads, tails, paws, other pieces, cuttings), unassembled, or assembled (without addition of other materials), excluding those of heading no. 4303, 중분류: Furskins; tanned or dressed, heads, tails, paws and other pieces or cuttings, not assembled, excluding goods of heading no. 4303"
7403120000,20130101,20251231,와이어바(wire-bar),Wire-bars,(동),7403,740312,"Copper; refined and copper alloys, unwrought",copper,"Copper; refined, unwrought, wire-bars",copper,와이어바(wire-bar),"(동) 대분류: Copper; refined and copper alloys, unwrought, 중분류: Copper; refined, unwrought, wire-bars"
3702100000,20130101,20251231,엑스선용,For X-ray,(사진용화합물),3702,370210,"Photographic film in rolls, sensitised, unexposed, of any material other than paper, paperboard or textiles; instant print film in rolls, sensitised, unexposed","unexposed, rolls, photographic, film, material","Photographic film; for x-rays, in rolls, sensitised and unexposed (other than of paper, paperboard or textiles)","photographic, film",엑스선용,"(사진용화합물) 대분류: Photographic film in rolls, sensitised, unexposed, of any material other than paper, paperboard or textiles; instant print film in rolls, sensitised, unexposed, 중분류: Photographic film; for x-rays, in rolls, sensitised and unexposed (other than of paper, paperboard or textiles)"
8456500000,20170101,20251231,워터제트 절단기,Water-jet cutting machines,(금속절삭가공기계),8456,845650,"Machine-tools; for working any material by removal of material, by laser or other light or photon beam, ultrasonic, electro-discharge, electro-chemical, electron beam, ionic-beam, or plasma arc processes; water-jet cutting machines","machine, tools",Machine tools; for working any material by removal of material; operated by water-jet cutting machines,"machine, tools",워터제트 절단기,"(금속절삭가공기계) 대분류: Machine-tools; for working any material by removal of material, by laser or other light or photon beam, ultrasonic, electro-discharge, electro-chemical, electron beam, ionic-beam, or plasma arc processes; water-jet cutting machines, 중분류: Machine tools; for working any material by removal of material; operated by water-jet cutting machines"
8528730000,20220101,20251231,기타(단색),"Other, monochrome",(흑백 TV),8528,852873,"Monitors and projectors, not incorporating television reception apparatus; reception apparatus for television, whether or not incorporating radio-broadcast receivers or sound or video recording or reproducing apparatus","monitors, apparatus, reception, television, projectors","Reception apparatus for television, whether or not incorporating radio-broadcast receivers or sound or video recording or reproducing apparatus; incorporating a monochrome video display or screen","radio, receivers, apparatus, reception, incorporating, reproducing, broadcast, sound, video, television, recording",기타(단색),"(흑백 TV) 대분류: Monitors and projectors, not incorporating television reception apparatus; reception apparatus for television, whether or not incorporating radio-broadcast receivers or sound or video recording or reproducing apparatus, 중분류: Reception apparatus for television, whether or not incorporating radio-broadcast receivers or sound or video recording or reproducing apparatus; incorporating a monochrome video display or screen"
6302210000,20130101,20251231,면으로 만든 것,Of cotton,(기타 비내구소비재),6302,630221,"Bed linen, table linen, toilet linen and kitchen linen","bed, table, linen, kitchen, toilet","Bed linen; of cotton, printed, not knitted or crocheted","bed, linen",면으로 만든 것,"(기타 비내구소비재) 대분류: Bed linen, table linen, toilet linen and kitchen linen, 중분류: Bed linen; of cotton, printed, not knitted or crocheted"
8535100000,20020101,20251231,퓨즈,Fuses,(기타 IT부품),8535,853510,"Electrical apparatus for switching, protecting electrical circuits, for making connections to or in electrical circuits; for a voltage exceeding 1000 volts","contions, electrical, circuits, apparatus","Electrical apparatus; fuses, for a voltage exceeding 1000 volts","electrical, apparatus",퓨즈,"(기타 IT부품) 대분류: Electrical apparatus for switching, protecting electrical circuits, for making connections to or in electrical circuits; for a voltage exceeding 1000 volts, 중분류: Electrical apparatus; fuses, for a voltage exceeding 1000 volts"
4002510000,20020101,20251231,라텍스,Latex,(합성고무),4002,400251,"Synthetic rubber and factice derived from oils, in primary forms or in plates, sheets or strip; mixtures of heading no. 4001 and 4002, in primary forms or in plates, sheets or strip","synthetic, primary, rubber, forms, sheets, strip, factice, oils, plates","Rubber; synthetic, acrylonitrile-butadiene rubber (NBR), latex, in primary forms or in plates, sheets or strip",rubber,라텍스,"(합성고무) 대분류: Synthetic rubber and factice derived from oils, in primary forms or in plates, sheets or strip; mixtures of heading no. 4001 and 4002, in primary forms or in plates, sheets or strip, 중분류: Rubber; synthetic, acrylonitrile-butadiene rubber (NBR), latex, in primary forms or in plates, sheets or strip"
4418830000,20220101,20251231,아이빔(I beam),I beams,(건축용 목제품),4418,441883,"Builders' joinery and carpentry of wood, including cellular wood panels, assembled flooring panels, shingles and shakes","shingles, wood, cellular, panels, shakes, joinery, carpentry, flooring","Wood; engineered structural timber products, I beams",wood,아이빔(I beam),"(건축용 목제품) 대분류: Builders' joinery and carpentry of wood, including cellular wood panels, assembled flooring panels, shingles and shakes, 중분류: Wood; engineered structural timber products, I beams"
4403410000,20130101,20251231,다크레드메란티(Dark Red Meranti)ㆍ라이트레드메란티(Light Red Meranti)ㆍ메란티바카우(Meranti Bakau),"Dark Red Meranti, Light Red Meranti and Meranti Bakau",(원목),4403,440341,"Wood in the rough, whether or not stripped of bark or sapwood, or roughly squared","wood, bark, rough, sapwood","Wood, tropical; as specified in Subheading Note 2 to this Chapter, dark red meranti, light red meranti and meranti bakau, in the rough, whether or not stripped of bark or sapwood, or roughly squared, untreated","wood, tropical",다크레드메란티(Dark Red Meranti)ㆍ라이트레드메란티(Light Red Meranti)ㆍ메란티바카우(Meranti Bakau),"(원목) 대분류: Wood in the rough, whether or not stripped of bark or sapwood, or roughly squared, 중분류: Wood, tropical; as specified in Subheading Note 2 to this Chapter, dark red meranti, light red meranti and meranti bakau, in the rough, whether or not stripped of bark or sapwood, or roughly squared, untreated"
2905161000,20020101,20251231,2-에틸헥실알코올,2-ethylhexyl alcohol,(유기화합물),2905,290516,"Acyclic alcohols and their halogenated, sulphonated, nitrated or nitrosated derivatives","acyclic, derivatives, nitrated, alcohols, nitrosated","Alcohols; saturated monohydric, octanol (octyl alcohol) and isomers thereof",alcohols,2-에틸헥실알코올,"(유기화합물) 대분류: Acyclic alcohols and their halogenated, sulphonated, nitrated or nitrosated derivatives, 중분류: Alcohols; saturated monohydric, octanol (octyl alcohol) and isomers thereof"
0306959030,20170101,20251231,염장이나 염수장한 것,Salted or in brine,(새우(훈제하지 않은 것)),0306,030695,"Crustaceans; in shell or not, live, fresh, chilled, frozen, dried, salted or in brine; smoked, cooked or not before or during smoking; in shell, steamed or boiled, whether or not chilled, frozen, dried, salted or in brine",crustaceans,"Crustaceans; shrimps and prawns, smoked, cooked or not, whether in shell or not, whether or not cooked before or during smoking",crustaceans,염장이나 염수장한 것,"(새우(훈제하지 않은 것)) 대분류: Crustaceans; in shell or not, live, fresh, chilled, frozen, dried, salted or in brine; smoked, cooked or not before or during smoking; in shell, steamed or boiled, whether or not chilled, frozen, dried, salted or in brine, 중분류: Crustaceans; shrimps and prawns, smoked, cooked or not, whether in shell or not, whether or not cooked before or during smoking"
4401120000,20170101,20251231,활엽수류,Non-coniferous,(기타 목재),4401,440112,"Fuel wood, in logs, billets, twigs, faggots or similar forms; wood in chip or particles; sawdust and wood waste and scrap, whether or not agglomerated in logs, briquettes, pellets or similar forms","billets, wood, similar, faggots, forms, logs, fuel","Wood; for fuel, in logs, in billets, in twigs, in faggots or similar forms, whether or not agglomerated, non-coniferous",wood,활엽수류,"(기타 목재) 대분류: Fuel wood, in logs, billets, twigs, faggots or similar forms; wood in chip or particles; sawdust and wood waste and scrap, whether or not agglomerated in logs, briquettes, pellets or similar forms, 중분류: Wood; for fuel, in logs, in billets, in twigs, in faggots or similar forms, whether or not agglomerated, non-coniferous"
8417101010,20130101,20251231,철광석용,For iron-ores,(기타 일반기계),8417,841710,"Furnaces and ovens; industrial or laboratory, including incinerators, non-electric","ovens, furnaces","Furnaces and ovens; non-electric, for the roasting, melting or other heat-treatment of ores, pyrites or of metals, for industrial or laboratory use","ovens, furnaces",철광석용,"(기타 일반기계) 대분류: Furnaces and ovens; industrial or laboratory, including incinerators, non-electric, 중분류: Furnaces and ovens; non-electric, for the roasting, melting or other heat-treatment of ores, pyrites or of metals, for industrial or laboratory use"
0307291000,20220101,20251231,펙텐(Pecten)ㆍ클라미스(Chlamys)ㆍ플라코펙텐(Placopecten)속의 것,"Of the genera Pecten, Chlamys or Placopecten",(기타 패류(건조·염장·염수장·훈제)),0307,030729,"Molluscs; whether in shell or not, live, fresh, chilled, frozen, dried, salted or in brine; smoked molluscs, whether in shell or not, whether or not cooked before or during the smoking process",molluscs,"Molluscs; scallops and other molluscs of the family Pectinidae, whether in shell or not, dried, salted, in brine, or smoked, cooked or not before or during the smoking process",molluscs,펙텐(Pecten)ㆍ클라미스(Chlamys)ㆍ플라코펙텐(Placopecten)속의 것,"(기타 패류(건조·염장·염수장·훈제)) 대분류: Molluscs; whether in shell or not, live, fresh, chilled, frozen, dried, salted or in brine; smoked molluscs, whether in shell or not, whether or not cooked before or during the smoking process, 중분류: Molluscs; scallops and other molluscs of the family Pectinidae, whether in shell or not, dried, salted, in brine, or smoked, cooked or not before or during the smoking process"
4411149010,20170101,20251231,마루판,Floor board,(섬유판),4411,441114,"Fibreboard of wood or other ligneous materials, whether or not bonded with resins or other organic substances","ligneous, wood, fibreboard, substances, materials, resins, organic","Medium density fibreboard (MDF), of a thickness exceeding 9 mm","mdf, thicks, density, medium",마루판,"(섬유판) 대분류: Fibreboard of wood or other ligneous materials, whether or not bonded with resins or other organic substances, 중분류: Medium density fibreboard (MDF), of a thickness exceeding 9 mm"
9705220000,20220101,20251231,멸종하였거나 멸종위기에 있는 종의 것이나 그 일부분,Extinct or endangered species and parts thereof,(수집품 및 골동품),9705,970522,"Collections and collectors' pieces; of archaeological, ethnographic, historical, zoological, botanical, mineralogical, anatomical, palaeontological or numismatic interest",collections,"Collections and collectors' pieces; of zoological, botanical, mineralogical, anatomical or palaeontological interest, extinct or endangered species and parts thereof",collections,멸종하였거나 멸종위기에 있는 종의 것이나 그 일부분,"(수집품 및 골동품) 대분류: Collections and collectors' pieces; of archaeological, ethnographic, historical, zoological, botanical, mineralogical, anatomical, palaeontological or numismatic interest, 중분류: Collections and collectors' pieces; of zoological, botanical, mineralogical, anatomical or palaeontological interest, extinct or endangered species and parts thereof"
5111111000,20130101,20251231,양모로 만든 것,Of wool,(천연섬유직물),5111,511111,Woven fabrics of carded wool or of carded fine animal hair,"fabrics, animal, fine, carded, hair, woven, wool","Fabrics, woven; of carded wool or of carded fine animal hair, containing 85% or more by weight of wool or of fine animal hair, of a weight not exceeding 300g/m2",fabrics,양모로 만든 것,"(천연섬유직물) 대분류: Woven fabrics of carded wool or of carded fine animal hair, 중분류: Fabrics, woven; of carded wool or of carded fine animal hair, containing 85% or more by weight of wool or of fine animal hair, of a weight not exceeding 300g/m2"
0307911000,20120101,20251231,소라,Top shells,(기타 수산물),0307,030791,"Molluscs; whether in shell or not, live, fresh, chilled, frozen, dried, salted or in brine; smoked molluscs, whether in shell or not, whether or not cooked before or during the smoking process",molluscs,"Molluscs; n.e.c. in heading 0307, whether in shell or not, live or fresh, chilled",molluscs,소라,"(기타 수산물) 대분류: Molluscs; whether in shell or not, live, fresh, chilled, frozen, dried, salted or in brine; smoked molluscs, whether in shell or not, whether or not cooked before or during the smoking process, 중분류: Molluscs; n.e.c. in heading 0307, whether in shell or not, live or fresh, chilled"
5205231000,20170101,20251231,표백하지 않거나 머서(mercer)처리하지 않은 것,Unbleached or not mercerized,(면사),5205,520523,"Cotton yarn (other than sewing thread), containing 85% or more by weight of cotton, not put up for retail sale","yarn, cotton","Cotton yarn; (not sewing thread), single, of combed fibres, 85% or more by weight of cotton, less than 232.56 but not less than 192.31 decitex (exceeding 43 but not exceeding 52 metric number), not for retail sale","yarn, cotton",표백하지 않거나 머서(mercer)처리하지 않은 것,"(면사) 대분류: Cotton yarn (other than sewing thread), containing 85% or more by weight of cotton, not put up for retail sale, 중분류: Cotton yarn; (not sewing thread), single, of combed fibres, 85% or more by weight of cotton, less than 232.56 but not less than 192.31 decitex (exceeding 43 but not exceeding 52 metric number), not for retail sale"
9701213000,20220101,20251231,파스텔,Pastels,(예술품),9701,970121,"Paintings, drawings and pastels, executed entirely by hand; not drawings of heading no. 4906 and not hand-painted, hand-decorated manufactured articles; collages, mosaics and similar decorative plaques","pastels, hand, paintings, drawings","Paintings, drawings and pastels; executed entirely by hand, other than drawings of heading no. 4906, of an age exceeding 100 years","pastels, paintings, drawings",파스텔,"(예술품) 대분류: Paintings, drawings and pastels, executed entirely by hand; not drawings of heading no. 4906 and not hand-painted, hand-decorated manufactured articles; collages, mosaics and similar decorative plaques, 중분류: Paintings, drawings and pastels; executed entirely by hand, other than drawings of heading no. 4906, of an age exceeding 100 years"
4419203000,20220101,20251231,젓가락,Chopsticks,(목제 생활용품),4419,441920,"Tableware and kitchenware, of wood","tableware, kitchenware, wood","Tableware and kitchenware, of wood; of tropical wood","tableware, kitchenware, wood",젓가락,"(목제 생활용품) 대분류: Tableware and kitchenware, of wood, 중분류: Tableware and kitchenware, of wood; of tropical wood"
6005230000,20170101,20251231,서로 다른 색실의 것,Of yarns of different colours ,(편직물),6005,600523,"Fabrics; warp knit (including those made on galloon knitting machines), other than those of headings 60.01 to 60.04",fabrics,"Fabrics; warp knit (including those made on galloon knitting machines), other than those of headings 60.01 to 60.04, of cotton, yarns of different colours",fabrics,서로 다른 색실의 것,"(편직물) 대분류: Fabrics; warp knit (including those made on galloon knitting machines), other than those of headings 60.01 to 60.04, 중분류: Fabrics; warp knit (including those made on galloon knitting machines), other than those of headings 60.01 to 60.04, of cotton, yarns of different colours"
8431420000,20130101,20251231,불도저(bulldozer)나 앵글도저(angledozer)의 블레이드(blade),Bulldozer or angledozer blades,(건설기계 부품),8431,843142,Machinery parts; used solely or principally with the machinery of heading no. 8425 to 8430,machinery,Machinery parts; bulldozer or angledozer blades,machinery,불도저(bulldozer)나 앵글도저(angledozer)의 블레이드(blade),"(건설기계 부품) 대분류: Machinery parts; used solely or principally with the machinery of heading no. 8425 to 8430, 중분류: Machinery parts; bulldozer or angledozer blades"
0401401000,20120101,20251231,냉동크림,Frozen cream,(우유),0401,040140,"Milk and cream; not concentrated, not containing added sugar or other sweetening matter","cream, milk","Dairy produce; milk and cream, not concentrated, not containing added sugar or other sweetening matter, of a fat content, by weight, exceeding 6% but not exceeding 10%",dairy,냉동크림,"(우유) 대분류: Milk and cream; not concentrated, not containing added sugar or other sweetening matter, 중분류: Dairy produce; milk and cream, not concentrated, not containing added sugar or other sweetening matter, of a fat content, by weight, exceeding 6% but not exceeding 10%"
7003121000,20170101,20251231,두께가 2밀리미터 이하인 것 ,Not more than 2 ㎜ in thickness,(유리 및 유리제품),7003,700312,"Glass; cast glass and rolled glass in sheets or profiles, whether or not having an absorbent, reflecting or non-reflecting layer, but not otherwise worked",glass,"Glass; cast glass and rolled glass, non-wired sheets, coloured through the mass (body tinted), opacified, flashed or having an absorbent, reflecting or non-reflecting layer",glass,두께가 2밀리미터 이하인 것 ,"(유리 및 유리제품) 대분류: Glass; cast glass and rolled glass in sheets or profiles, whether or not having an absorbent, reflecting or non-reflecting layer, but not otherwise worked, 중분류: Glass; cast glass and rolled glass, non-wired sheets, coloured through the mass (body tinted), opacified, flashed or having an absorbent, reflecting or non-reflecting layer"
9305109040,20130101,20251231,피스톤ㆍ잠금러그(locking lug)ㆍ가스완충기,"Pistons, locking lugs and gas buffers",(무기 및 총포탄),9305,930510,Firearms; parts and accessories of articles of heading no. 9301 to 9304,firearms,"Firearms; parts and accessories, of revolvers or pistols",firearms,피스톤ㆍ잠금러그(locking lug)ㆍ가스완충기,"(무기 및 총포탄) 대분류: Firearms; parts and accessories of articles of heading no. 9301 to 9304, 중분류: Firearms; parts and accessories, of revolvers or pistols"
6907221000,20170101,20251231,수분흡수계수가 중량기준으로 100분의 0.5 초과 100분의 3 이하인 것,Of a water absorption coefficient by weight exceeding 0.5 % but not exceeding 3 %,(도자제품),6907,690722,"Ceramic flags and paving, hearth or wall tiles; ceramic mosaic cubes and the like, whether or not on a backing; finishing ceramics","hearth, wall, tiles, flags, ceramic","Ceramic tiles; flags and paving, hearth or wall tiles other than those of subheadings 6907.30 and 6907.40, of a water absorption coefficient by weight over 0.5% but not over 10%","ceramic, tiles",수분흡수계수가 중량기준으로 100분의 0.5 초과 100분의 3 이하인 것,"(도자제품) 대분류: Ceramic flags and paving, hearth or wall tiles; ceramic mosaic cubes and the like, whether or not on a backing; finishing ceramics, 중분류: Ceramic tiles; flags and paving, hearth or wall tiles other than those of subheadings 6907.30 and 6907.40, of a water absorption coefficient by weight over 0.5% but not over 10%"
1517901000,20130101,20251231,이미테이션 라드,Imitation lard,(기타 유지 가공품),1517,151790,"Margarine; edible mixtures or preparations of animal, vegetable or microbial fats or oils or of fractions of different fats or oils of this Chapter, other than edible fats and oils or their fractions of heading 15.16",margarine,"Edible mixtures or preparations of animal, vegetable or microbial fats or oils or of fractions of different fats or oils of this Chapter, n.e.c. in heading 1517, other than edible fats and oils or their fractions of heading 15.16","fats, vegetable, animal, different, microbial, oils, preparations, fractions",이미테이션 라드,"(기타 유지 가공품) 대분류: Margarine; edible mixtures or preparations of animal, vegetable or microbial fats or oils or of fractions of different fats or oils of this Chapter, other than edible fats and oils or their fractions of heading 15.16, 중분류: Edible mixtures or preparations of animal, vegetable or microbial fats or oils or of fractions of different fats or oils of this Chapter, n.e.c. in heading 1517, other than edible fats and oils or their fractions of heading 15.16"
9506401000,20020101,20251231,탁구대,Table-tennis tables,(운동용구),9506,950640,"Gymnastics, athletics, other sports (including table tennis) or outdoor games equipment, n.e.c. in this chapter, swimming pools and paddling pools","games, table, paddling, athletics, pools, gymnastics, swimming, equipment, requisites, outdoor, sports, toys, tennis",Table-tennis articles and equipment,"equipment, tennis, table",탁구대,"(운동용구) 대분류: Gymnastics, athletics, other sports (including table tennis) or outdoor games equipment, n.e.c. in this chapter, swimming pools and paddling pools, 중분류: Table-tennis articles and equipment"
7904001000,20020101,20251231,봉,Bars and rods,(아연),7904,790400,"Zinc; bars, rods, profiles and wire",zinc,"Zinc; bars, rods, profiles and wire",zinc,봉,"(아연) 대분류: Zinc; bars, rods, profiles and wire, 중분류: Zinc; bars, rods, profiles and wire"
0650500901,20160101,20251231,메리야스나 뜨개질 모자,Knitted or crocheted headgear,,0650,065050,,,,,메리야스나 뜨개질 모자,"대분류: , 중분류:"
3506101000,20130101,20251231,고무를 기본 재료로 한 것,Based on rubber,(기타 정밀화학제품),3506,350610,"Prepared glues and other prepared adhesives, n.e.c. or included; products suitable for use as glues or adhesives, put up for retail sale as glues or adhesives, not exceeding 1kg net weight","glues, substances, albuminoidal, adhesives, prepared","Glues or adhesives; prepared, products suitable for use as glues or adhesives, put up for retail sale as glues or adhesives, not exceeding a net weight of 1kg","glues, adhesives",고무를 기본 재료로 한 것,"(기타 정밀화학제품) 대분류: Prepared glues and other prepared adhesives, n.e.c. or included; products suitable for use as glues or adhesives, put up for retail sale as glues or adhesives, not exceeding 1kg net weight, 중분류: Glues or adhesives; prepared, products suitable for use as glues or adhesives, put up for retail sale as glues or adhesives, not exceeding a net weight of 1kg"
4409221000,20220101,20251231,벽판재,Siding,(기타 목재),4409,440922,"Wood (including strips, friezes for parquet flooring, not assembled), continuously shaped (tongued, grooved, v-jointed, beaded or the like) along any edges, ends or faces, whether or not planed, sanded or end-jointed","strips, wood, parquet, end, like, friezes, edges","Wood; tropical (including unassembled strips and friezes for parquet flooring), continuously shaped along any edges, ends or faces, whether or not planed, sanded or end-jointed",wood,벽판재,"(기타 목재) 대분류: Wood (including strips, friezes for parquet flooring, not assembled), continuously shaped (tongued, grooved, v-jointed, beaded or the like) along any edges, ends or faces, whether or not planed, sanded or end-jointed, 중분류: Wood; tropical (including unassembled strips and friezes for parquet flooring), continuously shaped along any edges, ends or faces, whether or not planed, sanded or end-jointed"
8423821000,20170101,20251231,중량 측정에 전자적 방법을 이용하는 것(자동차중량측정용 기기는 제외한다),"Using electronic means for gauging weight, excluding machines for weighing motor vehicles",(중량계),8423,842382,"Weighing machines; excluding balances of a sensitivity of 5cg or better, including weight operated counting or checking machines and weights of all kinds",machi,"Weighing machines; other than personal, conveyor or constant weight scales, having a maximum weighing capacity exceeding 30kg but not exceeding 5000kg",machi,중량 측정에 전자적 방법을 이용하는 것(자동차중량측정용 기기는 제외한다),"(중량계) 대분류: Weighing machines; excluding balances of a sensitivity of 5cg or better, including weight operated counting or checking machines and weights of all kinds, 중분류: Weighing machines; other than personal, conveyor or constant weight scales, having a maximum weighing capacity exceeding 30kg but not exceeding 5000kg"
2901210000,20020101,20251231,에틸렌,Ethylene,(유기화합물),2901,290121,Acyclic hydrocarbons,"acyclic, hydrocarbons","Acyclic hydrocarbons; unsaturated, ethylene","acyclic, hydrocarbons",에틸렌,"(유기화합물) 대분류: Acyclic hydrocarbons, 중분류: Acyclic hydrocarbons; unsaturated, ethylene"
5107102000,20020101,20251231,합성섬유와 혼방한 것,Mixed with synthetic fiber,(모사),5107,510710,"Yarn of combed wool, not put up for retail sale","retail, combed, yarn, sale, wool","Yarn; of combed wool, containing 85% or more by weight of wool, not put up for retail sale",yarn,합성섬유와 혼방한 것,"(모사) 대분류: Yarn of combed wool, not put up for retail sale, 중분류: Yarn; of combed wool, containing 85% or more by weight of wool, not put up for retail sale"
9606300000,20130101,20251231,"단추의 몰드(mould)와 단추의 부분품, 단추 블랭크(blank)",Button moulds and other parts of buttons; button blanks,(기타 비내구성 생활용품),9606,960630,"Buttons, press-fasteners, snap-fasteners and press-studs, button moulds and other parts of these articles; button blanks","press, moulds, button, fasteners, buttons, miscellaneous",Button moulds and other parts of buttons; button blanks,"press, moulds, button, fasteners, buttons","단추의 몰드(mould)와 단추의 부분품, 단추 블랭크(blank)","(기타 비내구성 생활용품) 대분류: Buttons, press-fasteners, snap-fasteners and press-studs, button moulds and other parts of these articles; button blanks, 중분류: Button moulds and other parts of buttons; button blanks"
6207210000,20130101,20251231,면으로 만든 것,Of cotton,(직물제 의류),6207,620721,"Singlets and other vests, underpants, briefs, night-shirts, pyjamas, bathrobes, dressing gowns and similar articles; men's or boys' (not knitted or crocheted)","apparel, clothing, similar, underpants, bathrobes, briefs, night, shirts, gowns, accessories, vests, singlets","Nightshirts and pyjamas; men's or boys', of cotton (not knitted or crocheted)","pyjamas, nightshirts",면으로 만든 것,"(직물제 의류) 대분류: Singlets and other vests, underpants, briefs, night-shirts, pyjamas, bathrobes, dressing gowns and similar articles; men's or boys' (not knitted or crocheted), 중분류: Nightshirts and pyjamas; men's or boys', of cotton (not knitted or crocheted)"
8434901000,20020101,20251231,착유기의 것,Of milking machines,(농기계 부품),8434,843490,Milking machines and dairy machinery,"dairy, machi, machinery",Milking machines and dairy machinery; parts thereof,"dairy, machi, machinery",착유기의 것,"(농기계 부품) 대분류: Milking machines and dairy machinery, 중분류: Milking machines and dairy machinery; parts thereof"
0854449201,20160101,20251231,전기통신용,Of a kind used for telecommunications,,0854,085444,,,,,전기통신용,"대분류: , 중분류:"
8103910000,20220101,20251231,도가니,Crucibles,(기타 비(非)철금속),8103,810391,"Tantalum; articles thereof, including waste and scrap",tantalum,Tantalum; crucibles,tantalum,도가니,"(기타 비(非)철금속) 대분류: Tantalum; articles thereof, including waste and scrap, 중분류: Tantalum; crucibles"
6211201000,20130101,20251231,인조섬유로 만든 것,Of man-made fibres,(직물제 의류),6211,621120,"Track suits, swimwear and other garments (not knitted or crocheted)","garments, apparel, clothing, suits, track, accessories",Ski suits; (not knitted or crocheted),"suits, ski",인조섬유로 만든 것,"(직물제 의류) 대분류: Track suits, swimwear and other garments (not knitted or crocheted), 중분류: Ski suits; (not knitted or crocheted)"
0602300000,20140101,20251231,철쭉과 진달래속의 식물(접목했는지에 상관없다),"Rhododendrons and azaleas, grafted or not",(기타 화훼류),0602,060230,"Plants, live; n.e.c. in heading no. 0601, (including their roots) cuttings and slips; mushroom spawn",plants,"Plants, live; rhododendrons and azaleas, grafted or not",plants,철쭉과 진달래속의 식물(접목했는지에 상관없다),"(기타 화훼류) 대분류: Plants, live; n.e.c. in heading no. 0601, (including their roots) cuttings and slips; mushroom spawn, 중분류: Plants, live; rhododendrons and azaleas, grafted or not"
9506621000,20020101,20251231,축구공,Soccer balls,(운동용구),9506,950662,"Gymnastics, athletics, other sports (including table tennis) or outdoor games equipment, n.e.c. in this chapter, swimming pools and paddling pools","games, table, paddling, athletics, pools, gymnastics, swimming, equipment, requisites, outdoor, sports, toys, tennis",Balls; inflatable,balls,축구공,"(운동용구) 대분류: Gymnastics, athletics, other sports (including table tennis) or outdoor games equipment, n.e.c. in this chapter, swimming pools and paddling pools, 중분류: Balls; inflatable"
6306300000,20070101,20251231,돛,Sails,(기타 비내구소비재),6306,630630,"Tarpaulins, awnings and sunblinds; tents (including temporary canopies and similar articles); sails for boats, sailboards or landcraft; camping goods","sunblinds, tarpaulins, awnings","Sails; for boats, sailboards or landcraft",sails,돛,"(기타 비내구소비재) 대분류: Tarpaulins, awnings and sunblinds; tents (including temporary canopies and similar articles); sails for boats, sailboards or landcraft; camping goods, 중분류: Sails; for boats, sailboards or landcraft"
0271020974,20160101,20251231,"방청유, 절삭유, 세척유, 주형이형유, 유압브레이크유","Anti-corrosive oil, cutting oil, cleansing oil, mould release oil and hydraulic brake oil",,0271,027102,,,,,"방청유, 절삭유, 세척유, 주형이형유, 유압브레이크유","대분류: , 중분류:"
4301803000,20130101,20251231,라쿤(raccoon)의 것,Of raccoon,(기타모피(생모피)),4301,430180,"Raw furskins (including heads, tails, paws, other pieces or cuttings, suitable for furriers' use), excluding raw hides and skins of heading no. 4101, 4102 or 4103","fur, furskins, suitable, cuttings, heads, use, artificial, tails","Furskins; raw, of animals n.e.c. in heading no. 4301, whole, with or without head, tail or paws (excluding goods of heading no. 4101, 4102 and 4103)",furskins,라쿤(raccoon)의 것,"(기타모피(생모피)) 대분류: Raw furskins (including heads, tails, paws, other pieces or cuttings, suitable for furriers' use), excluding raw hides and skins of heading no. 4101, 4102 or 4103, 중분류: Furskins; raw, of animals n.e.c. in heading no. 4301, whole, with or without head, tail or paws (excluding goods of heading no. 4101, 4102 and 4103)"
2201901000,20020101,20251231,얼음과 눈,Ice and snow,(기타 음료),2201,220190,"Waters, including natural or artificial mineral waters and aerated waters, not containing added sugar or other sweetening matter nor flavoured; ice and snow","vinegar, sugar, matter, waters, mineral, spirits, artificial, beverages, natural","Waters; other than mineral and aerated, (not containing added sugar or other sweetening matter nor flavoured), ice and snow",waters,얼음과 눈,"(기타 음료) 대분류: Waters, including natural or artificial mineral waters and aerated waters, not containing added sugar or other sweetening matter nor flavoured; ice and snow, 중분류: Waters; other than mineral and aerated, (not containing added sugar or other sweetening matter nor flavoured), ice and snow"
3915301000,20220101,20251231,제조 당시 플라스틱 절연전선의 것,Plastic insulated wire before they became wastes,(기타 플라스틱제품),3915,391530,"Waste, parings and scrap, of plastics","plastics, parings, waste, scrap","Vinyl chloride polymers; waste, parings and scrap","polymers, vinyl, chloride",제조 당시 플라스틱 절연전선의 것,"(기타 플라스틱제품) 대분류: Waste, parings and scrap, of plastics, 중분류: Vinyl chloride polymers; waste, parings and scrap"
0507901200,20020101,20251231,녹각,Antlers,(녹용과 녹각),0507,050790,"Ivory, tortoise-shell, whalebone and whalebone hair, horns, antlers, hooves, nails, claws and beaks unworked or simply prepared, not cut to shape; waste and powder of these products","antlers, claws, ivory, whalebone, shell, hooves, nails, hair, beaks, tortoise","Animal products; tortoise-shell, whalebone and whalebone hair, horns, antlers, hooves, nails, claws and beaks, unworked or simply prepared but not cut to shape, waste and powder of these products",animal,녹각,"(녹용과 녹각) 대분류: Ivory, tortoise-shell, whalebone and whalebone hair, horns, antlers, hooves, nails, claws and beaks unworked or simply prepared, not cut to shape; waste and powder of these products, 중분류: Animal products; tortoise-shell, whalebone and whalebone hair, horns, antlers, hooves, nails, claws and beaks, unworked or simply prepared but not cut to shape, waste and powder of these products"
9205901020,20020101,20251231,클라리넷,Clarinets,(악기류),9205,920590,"Musical instruments; wind (e.g. keyboard pipe organs, accordions, clarinets, trumpets, bagpipes), other than fairground organs and mechanical street organs","musical, instruments","Musical instruments; wind, other than brass, (eg. clarinet, bagpipes, pipe organs), other than fairground organs and mechanical street organs","musical, instruments",클라리넷,"(악기류) 대분류: Musical instruments; wind (e.g. keyboard pipe organs, accordions, clarinets, trumpets, bagpipes), other than fairground organs and mechanical street organs, 중분류: Musical instruments; wind, other than brass, (eg. clarinet, bagpipes, pipe organs), other than fairground organs and mechanical street organs"
2918210000,20220101,20251231,살리실산과 그 염,Salicylic acid and its salts,(유기화합물),2918,291821,"Acids; carboxylic acid with additional oxygen function and their anhydrides, halides, peroxides, peroxyacids; their halogenated, sulphonated, nitrated or nitrosated derivatives",acids,"Acids; carboxylic acids, (with phenol function but without other oxygen function), salicylic acid and its salts",acids,살리실산과 그 염,"(유기화합물) 대분류: Acids; carboxylic acid with additional oxygen function and their anhydrides, halides, peroxides, peroxyacids; their halogenated, sulphonated, nitrated or nitrosated derivatives, 중분류: Acids; carboxylic acids, (with phenol function but without other oxygen function), salicylic acid and its salts"
0603132000,20130101,20251231,팔레놉시스(Phalaenopsis),Phalaenopsis,(기타 화훼류),0603,060313,"Flowers; cut flowers and flower buds of a kind suitable for bouquets or for ornamental purposes, fresh, dried, dyed, bleached, impregnated or otherwise prepared",flowers,"Flowers, cut; orchids, flowers and buds of a kind suitable for bouquets or ornamental purposes, fresh",flowers,팔레놉시스(Phalaenopsis),"(기타 화훼류) 대분류: Flowers; cut flowers and flower buds of a kind suitable for bouquets or for ornamental purposes, fresh, dried, dyed, bleached, impregnated or otherwise prepared, 중분류: Flowers, cut; orchids, flowers and buds of a kind suitable for bouquets or ornamental purposes, fresh"
0601207000,20020101,20251231,아이리스의 것,Of iris,(기타 화훼류),0601,060120,"Bulbs, tubers, tuberous roots, corms, crowns and rhizomes; dormant, in growth or in flower; chicory plants and roots other than roots of heading no. 1212","roots, crowns, tubers, corms, tuberous, rhizomes, bulbs","Plants, live; bulbs, tubers, tuberous roots, corms, crowns and rhizomes, in growth or in flower, chicory plants and roots other than of heading no. 1212",plants,아이리스의 것,"(기타 화훼류) 대분류: Bulbs, tubers, tuberous roots, corms, crowns and rhizomes; dormant, in growth or in flower; chicory plants and roots other than roots of heading no. 1212, 중분류: Plants, live; bulbs, tubers, tuberous roots, corms, crowns and rhizomes, in growth or in flower, chicory plants and roots other than of heading no. 1212"
2920904000,20220101,20251231,농약원제(農藥原劑)(｢농약관리법｣에 따라 등록된 것으로 한정한다),Material for manufacturing agricultural chemicals (registered material under the Agricultural Chemicals Management Act),(농약),2920,292090,"Esters of other inorganic acids of non-metals (other than of hydrogen halides) and their salts, their halogenated, sulphonated, nitrated or nitrosated derivatives","inorganic, chemicals, metals, organic, esters, acids, non","Esters; other than thiophosphoric esters (phosphorothioates) and phosphite esters and their salts, their halogenated, sulphonated, nitrated or nitrosated derivatives, n.e.c. in heading no. 2920",esters,농약원제(農藥原劑)(｢농약관리법｣에 따라 등록된 것으로 한정한다),"(농약) 대분류: Esters of other inorganic acids of non-metals (other than of hydrogen halides) and their salts, their halogenated, sulphonated, nitrated or nitrosated derivatives, 중분류: Esters; other than thiophosphoric esters (phosphorothioates) and phosphite esters and their salts, their halogenated, sulphonated, nitrated or nitrosated derivatives, n.e.c. in heading no. 2920"
8704439020,20220101,20251231,탱크차,Tank lorries,(화물자동차),8704,870443,Vehicles; for the transport of goods,vehicles,"Vehicles; with both compression-ignition internal combustion piston engine (diesel/semi-diesel) and electric motors for propulsion, of a g.v.w. exceeding 20,000kg",vehicles,탱크차,"(화물자동차) 대분류: Vehicles; for the transport of goods, 중분류: Vehicles; with both compression-ignition internal combustion piston engine (diesel/semi-diesel) and electric motors for propulsion, of a g.v.w. exceeding 20,000kg"
1515210000,20130101,20251231,조유(粗油),Crude oil,(기타 식물성 유지),1515,151521,"Fixed vegetable or microbial fats and oils n.e.c. in chapter 15 (including jojoba oil) and their fractions, whether or not refined, but not chemically modified","fats, vegetable, jojoba, oil, microbial, oils, fractions","Vegetable oils; maize (corn) oil and its fractions, crude, not chemically modified","oils, vegetable",조유(粗油),"(기타 식물성 유지) 대분류: Fixed vegetable or microbial fats and oils n.e.c. in chapter 15 (including jojoba oil) and their fractions, whether or not refined, but not chemically modified, 중분류: Vegetable oils; maize (corn) oil and its fractions, crude, not chemically modified"
2941109010,20130101,20251231,페니실린 지(G) 나트륨,Penicilline G sodium,(기타 의약품),2941,294110,Antibiotics,antibiotics,Antibiotics; penicillins and their derivatives with a penicillanic acid structure; salts thereof,antibiotics,페니실린 지(G) 나트륨,"(기타 의약품) 대분류: Antibiotics, 중분류: Antibiotics; penicillins and their derivatives with a penicillanic acid structure; salts thereof"
2912410000,20020101,20251231,바닐린(4-히드록시-3-메톡시벤즈알데히드),Vanillin (4-hydroxy-3-methoxybenzaldehyde),(유기화합물),2912,291241,"Aldehydes, whether or not with other oxygen function; cyclic polymers of aldehydes; paraformaldehyde","chemicals, oxygen, aldehydes, function, organic","Aldehydes; aldehyde-ethers, aldehyde-phenols and aldehydes with other oxygen function, vanillin (4-hydroxy-3-methoxybenzaldehyde)",aldehydes,바닐린(4-히드록시-3-메톡시벤즈알데히드),"(유기화합물) 대분류: Aldehydes, whether or not with other oxygen function; cyclic polymers of aldehydes; paraformaldehyde, 중분류: Aldehydes; aldehyde-ethers, aldehyde-phenols and aldehydes with other oxygen function, vanillin (4-hydroxy-3-methoxybenzaldehyde)"
3822130000,20220101,20251231,혈액형 분류용,For blood-grouping,(의료위생용품),3822,382213,"Reagents; diagnostic or laboratory reagents on a backing, prepared diagnostic or laboratory reagents whether or not on a backing, whether or not put up in the form of kits, other than those of heading 30.06; certified reference materials",reagents,"Reagents; diagnostic or laboratory reagents on a backing, prepared diagnostic or laboratory reagents whether or not on a backing, whether or not put up in the form of kits; for blood grouping",reagents,혈액형 분류용,"(의료위생용품) 대분류: Reagents; diagnostic or laboratory reagents on a backing, prepared diagnostic or laboratory reagents whether or not on a backing, whether or not put up in the form of kits, other than those of heading 30.06; certified reference materials, 중분류: Reagents; diagnostic or laboratory reagents on a backing, prepared diagnostic or laboratory reagents whether or not on a backing, whether or not put up in the form of kits; for blood grouping"
7403110000,20020101,20251231,음극과 음극의 형재,Cathodes and sections of cathodes,(동),7403,740311,"Copper; refined and copper alloys, unwrought",copper,"Copper; refined, unwrought, cathodes and sections of cathodes",copper,음극과 음극의 형재,"(동) 대분류: Copper; refined and copper alloys, unwrought, 중분류: Copper; refined, unwrought, cathodes and sections of cathodes"
8518304000,20030211,20251231,유선전화 핸드세트,Line telephone handsets,(유선통신기기),8518,851830,"Microphones and their stands; loudspeakers, mounted or not in their enclosures; headphones and earphones, combined or not with a microphone, and sets of a microphone and one or more loudspeakers; audio-frequency and electric sound amplifiers and sets","stands, micropho","Headphones and earphones, whether or not combined with a microphone, and sets consisting of a microphone and one or more loudspeakers","sets, more, loudspeakers, headpho, microphone",유선전화 핸드세트,"(유선통신기기) 대분류: Microphones and their stands; loudspeakers, mounted or not in their enclosures; headphones and earphones, combined or not with a microphone, and sets of a microphone and one or more loudspeakers; audio-frequency and electric sound amplifiers and sets, 중분류: Headphones and earphones, whether or not combined with a microphone, and sets consisting of a microphone and one or more loudspeakers"
4103902000,20170101,20251231,유연처리(유연전처리를 포함한다)한 원피(원상태로 복귀할 수 있는 것으로 한정한다),"Hides and skins, which have undergone a tanning (including pretanning) process which is reversible",(기타 가죽),4103,410390,"Raw hides and skins n.e.c in headings no. 4101, 4102; fresh, salted, dried, pickled or otherwise preserved, not further prepared, whether or not dehaired or split","headings, skins, hides","Hides and skins; raw, of animals n.e.c. in this chapter, fresh, salted, dried, limed, pickled or otherwise preserved, (but not tanned, parchment-dressed or further prepared), whether or not dehaired or split","skins, hides",유연처리(유연전처리를 포함한다)한 원피(원상태로 복귀할 수 있는 것으로 한정한다),"(기타 가죽) 대분류: Raw hides and skins n.e.c in headings no. 4101, 4102; fresh, salted, dried, pickled or otherwise preserved, not further prepared, whether or not dehaired or split, 중분류: Hides and skins; raw, of animals n.e.c. in this chapter, fresh, salted, dried, limed, pickled or otherwise preserved, (but not tanned, parchment-dressed or further prepared), whether or not dehaired or split"
8448310000,20020101,20251231,침포,Card clothing,(섬유 및 피혁가공기계 부품),8448,844831,"Machinery, auxiliary; for use with machines of heading no. 8444 to 8447 (e.g. dobbies, jacquards, automatic stop motions, shuttle changing mechanisms) parts, accessories for machines of heading no. 8444, 8447","auxiliary, machinery","Machines, card clothing; parts and accessories","clothing, machi",침포,"(섬유 및 피혁가공기계 부품) 대분류: Machinery, auxiliary; for use with machines of heading no. 8444 to 8447 (e.g. dobbies, jacquards, automatic stop motions, shuttle changing mechanisms) parts, accessories for machines of heading no. 8444, 8447, 중분류: Machines, card clothing; parts and accessories"
2615903000,20220101,20251231,바나듐광과 그 정광,Vanadium ores and concentrates,(기타 금속광물),2615,261590,"Niobium, tantalum, vanadium or zirconium ores and concentrates","niobium, concentrates, ores, tantalum, zirconium, vanadium","Niobium, tantalum, vanadium ores and concentrates","niobium, concentrates, ores, tantalum, vanadium",바나듐광과 그 정광,"(기타 금속광물) 대분류: Niobium, tantalum, vanadium or zirconium ores and concentrates, 중분류: Niobium, tantalum, vanadium ores and concentrates"
8451100000,20020101,20251231,드라이클리닝기,Dry-cleaning machines,(섬유기계),8451,845110,"Machinery (not of heading no. 8450) for washing, cleaning, wringing, drying, ironing, pressing, bleaching, dyeing, dressing, finishing, coating or impregnating textile yarn, fabrics or made up articles","fabrics, textile, machinery, yarn, coating",Dry-cleaning machines,"dry, cleaning, machi",드라이클리닝기,"(섬유기계) 대분류: Machinery (not of heading no. 8450) for washing, cleaning, wringing, drying, ironing, pressing, bleaching, dyeing, dressing, finishing, coating or impregnating textile yarn, fabrics or made up articles, 중분류: Dry-cleaning machines"
0301994010,20170101,20251231,치어(稚魚)(양식용으로 한정한다),Fry (for aquaculture),(기타 어류(활어)),0301,030199,Fish; live,fish,"Fish; live, n.e.c. in heading 0301",fish,치어(稚魚)(양식용으로 한정한다),"(기타 어류(활어)) 대분류: Fish; live, 중분류: Fish; live, n.e.c. in heading 0301"
7208511000,20070101,20251231,인장강도가 490메가파스칼 이상인 것,Of a tensile strength of 490MPa or more,(철강 판재),7208,720851,"Iron or non-alloy steel; flat-rolled products of a width of 600mm or more, hot-rolled, not clad, plated or coated","iron, alloy, non, steel","Iron or non-alloy steel; (not in coils), flat-rolled, of a width 600mm or more, hot-rolled, without patterns in relief, of a thickness exceeding 10mm","iron, alloy, non, steel",인장강도가 490메가파스칼 이상인 것,"(철강 판재) 대분류: Iron or non-alloy steel; flat-rolled products of a width of 600mm or more, hot-rolled, not clad, plated or coated, 중분류: Iron or non-alloy steel; (not in coils), flat-rolled, of a width 600mm or more, hot-rolled, without patterns in relief, of a thickness exceeding 10mm"
3823130000,20130101,20251231,톨유(tall oil) 지방산,Tall oil fatty acids,(기타 화학공업제품),3823,382313,Industrial monocarboxylic fatty acids; acid oils from refining; industrial fatty alcohols,"fatty, acids, industrial, monocarboxylic","Industrial monocarboxylic fatty acids, acid oils from refining; tall oil fatty acids","oils, fatty, acids, industrial, monocarboxylic",톨유(tall oil) 지방산,"(기타 화학공업제품) 대분류: Industrial monocarboxylic fatty acids; acid oils from refining; industrial fatty alcohols, 중분류: Industrial monocarboxylic fatty acids, acid oils from refining; tall oil fatty acids"
3907500000,20020101,20251231,알키드수지,Alkyd resins,(합성수지),3907,390750,"Polyacetals, other polyethers and epoxide resins, in primary forms; polycarbonates, alkyd resins, polyallyl esters and other polyesters, in primary forms","epoxide, polyacetals, forms, primary, plastics, resins, polyethers",Alkyd resins; in primary forms,"resins, alkyd",알키드수지,"(합성수지) 대분류: Polyacetals, other polyethers and epoxide resins, in primary forms; polycarbonates, alkyd resins, polyallyl esters and other polyesters, in primary forms, 중분류: Alkyd resins; in primary forms"
2825101000,20020101,20251231,히드라진 히드레이트,Hydrazine hydrate,(무기화합물),2825,282510,"Hydrazine and hydroxylamine and their inorganic salts; other inorganic bases; other metal oxides, hydroxides and peroxides","hydroxylamine, inorganic, hydrazine, salts",Hydrazine and hydroxylamine and their inorganic salts,"hydroxylamine, inorganic, hydrazine, salts",히드라진 히드레이트,"(무기화합물) 대분류: Hydrazine and hydroxylamine and their inorganic salts; other inorganic bases; other metal oxides, hydroxides and peroxides, 중분류: Hydrazine and hydroxylamine and their inorganic salts"
9301902030,20070101,20251231,완전자동,Fully automatic,(무기 및 총포탄),9301,930190,"Military weapons; other than revolvers, pistols and arms of heading no. 9307","weapons, military","Military weapons; other than revolvers, pistols, and arms of heading 9307, n.e.c. in heading 9301","weapons, military",완전자동,"(무기 및 총포탄) 대분류: Military weapons; other than revolvers, pistols and arms of heading no. 9307, 중분류: Military weapons; other than revolvers, pistols, and arms of heading 9307, n.e.c. in heading 9301"
1509400000,20220101,20251231,그 밖의 버진 올리브유,Other virgin olive oils,(기타 식물성 유지),1509,150940,"Olive oil and its fractions; whether or not refined, but not chemically modified","olive, oil, fractions","Vegetable oils; olive oil and its fractions, virgin olive oils n.e.c. in heading 1509, whether or not refined, but not chemically modified","oils, vegetable",그 밖의 버진 올리브유,"(기타 식물성 유지) 대분류: Olive oil and its fractions; whether or not refined, but not chemically modified, 중분류: Vegetable oils; olive oil and its fractions, virgin olive oils n.e.c. in heading 1509, whether or not refined, but not chemically modified"
8486302060,20220101,20251231,스트리핑하거나 세척하는 기기,Apparatus for stripping or cleaning,(디스플레이패널제조용장비),8486,848630,"Machines and apparatus of a kind used solely or principally for the manufacture of semiconductor boules or wafers, semiconductor devices, electronic integrated circuits or flat panel displays; machines & apparatus specified in note 11 (C) to this Chapter","integrated, wafers, apparatus, panel, semiconductor, manufacture, boules, devices, flat, machi, kind, electronic, displays, circuits",Machines and apparatus of a kind used solely or principally for the manufacture of flat panel displays,"apparatus, panel, manufacture, flat, machi, kind, displays",스트리핑하거나 세척하는 기기,"(디스플레이패널제조용장비) 대분류: Machines and apparatus of a kind used solely or principally for the manufacture of semiconductor boules or wafers, semiconductor devices, electronic integrated circuits or flat panel displays; machines & apparatus specified in note 11 (C) to this Chapter, 중분류: Machines and apparatus of a kind used solely or principally for the manufacture of flat panel displays"
4802619010,20130101,20251231,여러 층의 종이와 판지로서 각 층을 표백한 것,"Multi-ply paper and paperboard, bleached each layer",(기타 종이제품),4802,480261,"Uncoated paper and paperboard, used for writing, printing or other graphics, non perforated punch-cards and punch tape paper, in rolls or rectangular sheets, of any size, other than paper of heading 4801 or 4803; hand-made paper and paperboard","uncoated, rolls, paperboard, paper, printing, cards, size, sheets, tape, graphics, punch, rectangular","Uncoated paper and paperboard (not 4801 or 4803); over 10% by weight of mechanical or chemi-mechanical processed fibre, in rolls","paper, uncoated, paperboard",여러 층의 종이와 판지로서 각 층을 표백한 것,"(기타 종이제품) 대분류: Uncoated paper and paperboard, used for writing, printing or other graphics, non perforated punch-cards and punch tape paper, in rolls or rectangular sheets, of any size, other than paper of heading 4801 or 4803; hand-made paper and paperboard, 중분류: Uncoated paper and paperboard (not 4801 or 4803); over 10% by weight of mechanical or chemi-mechanical processed fibre, in rolls"
0303452000,20170101,20251231,태평양 참다랑어[터너스 오리엔탈리스(Thunnus orientalis)],Pacific bluefin tunas (Thunnus orientalis),(참치(냉동)),0303,030345,"Fish; frozen, excluding fish fillets and other fish meat of heading 0304",fish,"Fish; frozen, Atlantic and Pacific bluefin tunas (Thunnus thynnus, Thunnus orientalis), excluding fillets, fish meat of 0304, and edible fish offal of subheadings 0303.91 to 0303.99",fish,태평양 참다랑어[터너스 오리엔탈리스(Thunnus orientalis)],"(참치(냉동)) 대분류: Fish; frozen, excluding fish fillets and other fish meat of heading 0304, 중분류: Fish; frozen, Atlantic and Pacific bluefin tunas (Thunnus thynnus, Thunnus orientalis), excluding fillets, fish meat of 0304, and edible fish offal of subheadings 0303.91 to 0303.99"
6903105000,20020101,20251231,노즐,Nozzles,(도자제품),6903,690310,"Ceramic goods; (e.g. retorts, crucibles, muffles, nozzles, plugs, supports cupels, tubes, pipes, sheaths, rods and slide gates) excluding those of siliceous fossil meals or of similar siliceous earths",ceramic,"Refractory ceramic goods; containing, by weight, more than 50% of free carbon, excluding those of siliceous fossil meals or similar earths","ceramic, refractory",노즐,"(도자제품) 대분류: Ceramic goods; (e.g. retorts, crucibles, muffles, nozzles, plugs, supports cupels, tubes, pipes, sheaths, rods and slide gates) excluding those of siliceous fossil meals or of similar siliceous earths, 중분류: Refractory ceramic goods; containing, by weight, more than 50% of free carbon, excluding those of siliceous fossil meals or similar earths"
4017001000,20220101,20251231,경질고무(웨이스트와 스크랩을 제외한다),"Hard rubber, excluding waste and scrap",(원료용 고무제품),4017,401700,"Hard rubber (e.g. ebonite) in all forms, including waste and scrap; articles of hard rubber","scrap, forms, rubber, ebonite, hard, waste","Rubber; ebonite and other hard rubbers in all forms, including waste and scrap, and articles of hard rubber",rubber,경질고무(웨이스트와 스크랩을 제외한다),"(원료용 고무제품) 대분류: Hard rubber (e.g. ebonite) in all forms, including waste and scrap; articles of hard rubber, 중분류: Rubber; ebonite and other hard rubbers in all forms, including waste and scrap, and articles of hard rubber"
7218912000,20130101,20251231,시트바(sheet bar),Sheet bars,(철강 반제품),7218,721891,Stainless steel in ingots or other primary forms; semi-finished products of stainless steel,"stainless, ingots, primary, forms, steel, iron","Steel, stainless; semi-finished products, of rectangular (other than square) cross-section","stainless, steel",시트바(sheet bar),"(철강 반제품) 대분류: Stainless steel in ingots or other primary forms; semi-finished products of stainless steel, 중분류: Steel, stainless; semi-finished products, of rectangular (other than square) cross-section"
7212309010,20070101,20251231,인장강도가 340메가파스칼 이상인 것,Of a tensile strength of 340MPa or more,(철강 판재),7212,721230,"Iron or non-alloy steel; flat-rolled products, width less than 600mm, clad, plated or coated","iron, alloy, non, steel","Iron or non-alloy steel; flat-rolled, width less than 600mm, plated or coated with zinc (not electrolytically)","iron, alloy, non, steel",인장강도가 340메가파스칼 이상인 것,"(철강 판재) 대분류: Iron or non-alloy steel; flat-rolled products, width less than 600mm, clad, plated or coated, 중분류: Iron or non-alloy steel; flat-rolled, width less than 600mm, plated or coated with zinc (not electrolytically)"
2710995000,20130101,20251231,조유(粗油)ㆍ윤활유[신전유(extender oil)는 제외한다]ㆍ윤활유 기유(基油)의 것,"Of raw oils, lubricating oil (other than extender oil) and lubricating base oil",(윤활유),2710,271099,"Petroleum oils and oils from bituminous minerals, not crude; preparations n.e.c, containing by weight 70% or more of petroleum oils or oils from bituminous minerals; these being the basic constituents of the preparations; waste oils","minerals, oils, petroleum, bituminous","Waste Oils; of petroleum or obtained from bituminous minerals, not crude and preparations n.e.c., weight 70% or preparations of the same, not containing polychlorinated biphenyls (PCBs), polychorinated terphenyls (PCTs) or polybrominated biphenyls (PBBs)","oils, waste",조유(粗油)ㆍ윤활유[신전유(extender oil)는 제외한다]ㆍ윤활유 기유(基油)의 것,"(윤활유) 대분류: Petroleum oils and oils from bituminous minerals, not crude; preparations n.e.c, containing by weight 70% or more of petroleum oils or oils from bituminous minerals; these being the basic constituents of the preparations; waste oils, 중분류: Waste Oils; of petroleum or obtained from bituminous minerals, not crude and preparations n.e.c., weight 70% or preparations of the same, not containing polychlorinated biphenyls (PCBs), polychorinated terphenyls (PCTs) or polybrominated biphenyls (PBBs)"
3921194020,20130101,20251231,폴리에틸렌테레프탈레이트로 만든 것,Of polyethylene terephthalate,(필름류),3921,392119,"Plastic plates, sheets, film, foil and strip n.e.c. in chapter 39","foil, sheets, strip, film, plastic, plates","Plastics; plates, sheets, film, foil and strip, of plastics n.e.c. in heading no. 3921, cellular",plastics,폴리에틸렌테레프탈레이트로 만든 것,"(필름류) 대분류: Plastic plates, sheets, film, foil and strip n.e.c. in chapter 39, 중분류: Plastics; plates, sheets, film, foil and strip, of plastics n.e.c. in heading no. 3921, cellular"
2908110000,20070101,20251231,펜타클로로페놀(ISO),Pentachlorophenol (ISO),(유기화합물),2908,290811,"Phenols or phenol-alcohols; halogenated, sulphonated, nitrated or nitrosated derivatives","phenol, phenols, alcohols",Phenol or phenol-alcohol derivatives containing only halogen substituents and their salts; pentachlorophenol (ISO),"substituents, derivatives, alcohol, halogen, phenol, salts",펜타클로로페놀(ISO),"(유기화합물) 대분류: Phenols or phenol-alcohols; halogenated, sulphonated, nitrated or nitrosated derivatives, 중분류: Phenol or phenol-alcohol derivatives containing only halogen substituents and their salts; pentachlorophenol (ISO)"
5205241000,20170101,20251231,표백하지 않거나 머서(mercer)처리하지 않은 것,Unbleached or not mercerized,(면사),5205,520524,"Cotton yarn (other than sewing thread), containing 85% or more by weight of cotton, not put up for retail sale","yarn, cotton","Cotton yarn; (not sewing thread), single, of combed fibres, 85% or more by weight of cotton, less than 192.31 but not less than 125 decitex (exceeding 52 but not exceeding 80 metric number), not for retail sale","yarn, cotton",표백하지 않거나 머서(mercer)처리하지 않은 것,"(면사) 대분류: Cotton yarn (other than sewing thread), containing 85% or more by weight of cotton, not put up for retail sale, 중분류: Cotton yarn; (not sewing thread), single, of combed fibres, 85% or more by weight of cotton, less than 192.31 but not less than 125 decitex (exceeding 52 but not exceeding 80 metric number), not for retail sale"
4706100000,20130101,20251231,면 린터 펄프(cotton linters pulp),Cotton linters pulp,(펄프),4706,470610,Pulps of fibres derived from recovered (waste and scrap) paper or paperboard or of other fibrous cellulosic material,"paperboard, fibres, scrap, wood, paper, pulps, cellulosic, fibrous, pulp, waste, material",Pulp; cotton linters pulp,pulp,면 린터 펄프(cotton linters pulp),"(펄프) 대분류: Pulps of fibres derived from recovered (waste and scrap) paper or paperboard or of other fibrous cellulosic material, 중분류: Pulp; cotton linters pulp"
9011802000,20020101,20251231,금속 현미경,Metallurgical microscopes,(기타 사진 및 광학기기),9011,901180,"Microscopes, compound optical; including those for photomicrography, cinephotomicrography or microprojection","optical, microscopes","Microscopes, compound optical; (other than stereoscopic and microscopes for photomicrography, cinephotomicrography or microprojection)","optical, microscopes",금속 현미경,"(기타 사진 및 광학기기) 대분류: Microscopes, compound optical; including those for photomicrography, cinephotomicrography or microprojection, 중분류: Microscopes, compound optical; (other than stereoscopic and microscopes for photomicrography, cinephotomicrography or microprojection)"
0303660000,20220101,20251231,민대구[메루키우스(Merluccius)속ㆍ유르피키스(Urophycis)속],"Hake (Merluccius spp., Urophycis spp.)",(대구(냉동)),0303,030366,"Fish; frozen, excluding fish fillets and other fish meat of heading 0304",fish,"Fish; frozen, hake (Merluccius spp., Urophycis spp.), excluding fillets, fish meat of 0304, and edible fish offal of subheadings 0303.91 to 0303.99",fish,민대구[메루키우스(Merluccius)속ㆍ유르피키스(Urophycis)속],"(대구(냉동)) 대분류: Fish; frozen, excluding fish fillets and other fish meat of heading 0304, 중분류: Fish; frozen, hake (Merluccius spp., Urophycis spp.), excluding fillets, fish meat of 0304, and edible fish offal of subheadings 0303.91 to 0303.99"
3805101000,20020101,20251231,검테레빈유,Gum spirits of turpentine,(기타 화학공업제품),3805,380510,"Gum, wood or sulphate turpentine, other terpenic oils; crude dipentene; sulphite turpentine, other crude para-cymene; pine oil containing alpha-terpineol as the main constituent","gum, wood, sulphate, chemical, oils, terpenic, turpentine","Terpenic oils; gum, wood or sulphate turpentine oils","oils, terpenic",검테레빈유,"(기타 화학공업제품) 대분류: Gum, wood or sulphate turpentine, other terpenic oils; crude dipentene; sulphite turpentine, other crude para-cymene; pine oil containing alpha-terpineol as the main constituent, 중분류: Terpenic oils; gum, wood or sulphate turpentine oils"
4202991000,20130101,20251231,판지로 만든 것,Of paper board,(기타 가방),4202,420299,"Trunks; suit, camera, jewellery, cutlery cases; travel, tool, similar bags; wholly or mainly covered by leather, composition leather, plastic sheeting, textile materials, vulcanised fibre, paperboard",trunks,"Cases and containers; n.e.c. in heading 4202, of vulcanised fibre or of paperboard, or wholly or mainly covered with such materials or with paper","cases, containers",판지로 만든 것,"(기타 가방) 대분류: Trunks; suit, camera, jewellery, cutlery cases; travel, tool, similar bags; wholly or mainly covered by leather, composition leather, plastic sheeting, textile materials, vulcanised fibre, paperboard, 중분류: Cases and containers; n.e.c. in heading 4202, of vulcanised fibre or of paperboard, or wholly or mainly covered with such materials or with paper"
7419801010,20220101,20251231,클로스(cloth),Cloth,(기타 기계요소),7419,741980,Copper; articles thereof n.e.c. in chapter 74,copper,Copper; articles thereof n.e.c. in chapter 74,copper,클로스(cloth),"(기타 기계요소) 대분류: Copper; articles thereof n.e.c. in chapter 74, 중분류: Copper; articles thereof n.e.c. in chapter 74"
6914901000,20130101,20251231,화분,Flower-pots,(도자제품),6914,691490,Ceramic articles; n.e.c. in chapter 69,ceramic,Ceramic articles n.e.c. in chapter 69; other than of porcelain or china,ceramic,화분,"(도자제품) 대분류: Ceramic articles; n.e.c. in chapter 69, 중분류: Ceramic articles n.e.c. in chapter 69; other than of porcelain or china"
